bids_name	aor	aqi	dummy_trs	dvars_nstd	dvars_std	dvars_vstd	efc	fber	fd_mean	fd_num	fd_perc	fwhm_avg	fwhm_x	fwhm_y	fwhm_z	gcor	gsr_x	gsr_y	size_t	size_x	size_y	size_z	snr	spacing_tr	spacing_x	spacing_y	spacing_z	summary_bg_k	summary_bg_mad	summary_bg_mean	summary_bg_median	summary_bg_n	summary_bg_p05	summary_bg_p95	summary_bg_stdv	summary_fg_k	summary_fg_mad	summary_fg_mean	summary_fg_median	summary_fg_n	summary_fg_p05	summary_fg_p95	summary_fg_stdv	tsnr
sub-01_task-memory_run-01_bold	0.0015801818181818182	0.01892830690909091	0	33.28007454423359	1.0320885030656937	0.9936565412043802	0.4999361909681249	3887.929931640625	0.2079623990684053	87	31.636363636363637	1.8550508890490984	1.7632942857142857	1.9710371428571427	1.8308212385758666	0.013288	-0.0076807113364338875	0.03225234895944595	275	64	64	36	5.991153775192412	2.007499933242798	3.5	3.5	3.299999952316284	49.274548717391	6.280843205389652	32.66908645629883	12.956363677978516	89924.0	8.076363563537598	116.23636627197266	58.69471740722656	1.494724668861843	120.53825699207572	830.830810546875	818.2672729492188	27034.0	630.9451110839843	1067.871984863281	136.57672119140625	35.387015428277664
sub-01_task-memory_run-02_bold	0.0016036	0.03304321454545455	0	47.674096921934286	1.030164900766423	0.9746203177007303	0.5081461463733904	2928.59423828125	0.32624306882778903	124	45.09090909090909	1.883509244055696	1.8157742857142856	1.9980685714285715	1.8366848750242304	0.00679156	-0.011559796519577503	0.04183226823806763	275	64	64	36	6.0038440242491316	2.007499933242798	3.5	3.5	3.299999952316284	43.73629976918116	8.259442783974915	35.800079345703125	14.701818466186523	89751.0	8.785454750061035	121.19454956054688	57.47466278076172	1.1676343004362275	122.96169266186322	829.8545532226562	816.421875	27092.0	630.0881805419922	1065.708935546875	135.98068237304688	25.711430137744173
sub-01_task-memory_run-03_bold	0.002481018181818182	0.034511369090909086	0	56.04201591098536	1.087085045510949	1.0114924454014607	0.5161317320519971	2275.300048828125	0.45503702445100747	147	53.45454545454545	1.864932707198383	1.7978342857142857	1.972897142857143	1.8240666930237206	0.00752648	-0.017003793269395828	0.04724356159567833	275	64	64	36	5.945503879351595	2.007499933242798	3.5	3.5	3.299999952316284	29.736772446595452	11.41603821362886	40.059226989746094	16.896364212036133	89704.0	8.625454902648926	134.74545288085938	58.9271125793457	1.270274888676104	125.43892514676924	838.88623046875	830.5635986328125	27176.0	627.5318298339844	1074.4818115234375	139.69351196289062	25.308682983741164
sub-01_task-memory_run-04_bold	0.0014400363636363634	0.08282620181818182	0	109.3888880322262	1.1553467121167877	0.9991785513138688	0.5445401447288195	1058.71826171875	0.31913484570154627	140	50.90909090909091	1.8705308310337723	1.9422	1.8998742857142858	1.7695182073870313	0.00444156	-0.04136767238378525	0.11097769439220428	275	64	64	36	5.002292236996998	2.007499933242798	3.5	3.5	3.299999952316284	13.128367806049372	22.602945091124045	58.2000846862793	25.201818466186523	89160.0	9.243636131286621	223.48655166625994	80.43134307861328	3.4025992812717005	145.15213234866738	848.6267700195312	837.7291259765625	27490.0	606.3298126220703	1123.8480529785156	167.46600341796875	13.805133138317615
sub-02_task-memory_run-01_bold	0.002200109090909091	0.009338719563636364	0	31.875812105802925	1.0711772502189785	1.0306947344160582	0.4642444164357747	4453.326171875	0.2153865394806205	129	46.90909090909091	2.0396646490856996	1.9357628571428571	2.1731342857142857	2.0100968043999554	0.0140306	-0.022097159177064896	0.02884836681187153	275	64	64	36	5.813513245529026	2.007499933242798	3.5	3.5	3.3000500202178955	71.7427462140071	6.6528398115297405	28.193754196166992	13.239999771118164	94562.0	8.07272720336914	85.48691062927244	45.75123977661133	1.1787977502595872	137.35363020079063	911.1874389648438	905.2000122070312	23189.0	659.062548828125	1172.5490722656248	155.7028350830078	44.25764829083346
sub-02_task-memory_run-02_bold	0.0003396	0.017842153090909096	0	48.183305573138696	1.0532707013868614	1.004974708029197	0.4788058514318449	2544.02099609375	0.14716790045036737	34	12.363636363636363	2.015537996103672	1.9495514285714286	2.163545714285714	1.933516845453873	0.00430174	-0.029098516330122948	0.04575006291270256	275	64	64	36	5.543358932919072	2.007499933242798	3.5	3.5	3.300048828125	48.16590247837838	12.124990255043766	35.045650482177734	17.31999969482422	94525.0	8.581818580627441	103.1410888671875	48.22755813598633	1.1326031028660228	145.24642382276912	907.3114624023438	901.549072265625	23151.0	643.2509155273438	1177.6818237304688	162.6323699951172	30.175816908013076
sub-02_task-memory_run-03_bold	0.0037592363636363636	0.012659879236363636	0	32.442802526569345	1.0201669454014608	1.0030666725547446	0.46524590673712557	4307.20703125	0.23313192500373886	85	30.90909090909091	2.053084445759661	1.9551742857142858	2.185602857142857	2.0184761944218392	0.0131935	-0.02149019204080105	0.029035935178399086	275	64	64	36	5.793209363947254	2.007499933242798	3.5	3.5	3.300048828125	79.82825778495145	6.297015618429114	28.239778518676758	13.23272705078125	94499.0	8.650909423828125	86.08508834838854	45.74766159057617	1.2133477418919645	135.67158613111397	901.99462890625	894.5599975585938	23185.0	652.044384765625	1160.55634765625	154.4119415283203	39.5679409551085
sub-02_task-memory_run-04_bold	0.00039723636363636367	0.028372085818181823	0	64.2752884500365	1.0551766955839408	1.0047460036131386	0.49350276300572626	1717.37060546875	0.1474091694124992	42	15.272727272727273	1.9838624319992106	1.9208685714285714	2.14228	1.888438724569061	0.00508227	-0.0388311967253685	0.0668412372469902	275	64	64	36	5.417948500764682	2.007499933242798	3.5	3.5	3.300048828125	45.82338359207136	17.430011153313558	43.110321044921875	20.89090919494629	94663.0	8.356363296508789	132.27491302490225	57.29431915283203	0.779900764570681	151.76724030022413	900.05810546875	896.3400268554688	22986.0	631.9818420410156	1173.1846008300781	165.43540954589844	22.251766266301274
sub-03_task-memory_run-01_bold	0.0005554545454545454	0.01389811490909091	0	37.83832417784672	1.0509987461678838	1.0088244420437953	0.4456496952068756	4413.140625	0.16784758278248102	81	29.454545454545453	1.8035332828909663	1.6824257142857142	1.8928285714285715	1.8353455629586133	0.0131286	-0.018464963883161545	0.02756461128592491	275	64	64	36	6.299363097829623	2.007499933242798	3.5	3.5	3.3001251220703125	57.5576784161768	4.78745843557797	25.596967697143555	11.661818504333496	98674.0	8.15999984741211	78.32981796264642	39.75162887573242	2.431299579437918	105.45886040444306	785.9075317382812	783.9218139648438	19914.0	589.0316436767578	986.2125427246093	124.44149017333984	39.688978381454945
sub-03_task-memory_run-02_bold	0.0005065454545454546	0.012205074545454546	0	36.17310581080292	1.0767655356934314	1.0072151109124095	0.4460627491893819	4582.7099609375	0.16132393823021576	64	23.272727272727273	1.808468111299949	1.6750399999999999	1.9122885714285716	1.8380757624712754	0.00856455	-0.01990567520260811	0.023595908656716347	275	64	64	36	6.315472018611735	2.007499933242798	3.5	3.5	3.3001251220703125	55.2667587207052	4.534067065965442	25.88859748840332	11.43636417388916	98795.0	8.054545402526855	84.73963851928677	41.55600357055664	2.2747610718508264	104.63937519382375	786.551025390625	785.4854736328125	19842.0	585.6954467773438	986.9138366699219	124.37165069580078	46.18701813858934
sub-03_task-memory_run-03_bold	0.0005834432234432235	0.03029171282051282	2	61.67287324466909	1.1114094861029407	1.011234348308823	0.46142595871939485	2620.56982421875	0.1500892725128488	49	17.94871794871795	1.7899290170960214	1.7237828571428573	1.8887314285714287	1.757272765573778	0.00322889	-0.0260936226695776	0.05163947492837906	273	64	64	36	5.942169946163296	2.007499933242798	3.5	3.5	3.3001251220703125	37.58417122579996	9.73738330937061	32.07082748413086	15.274724960327148	98923.0	8.380952835083008	101.81172180175773	42.91515350341797	1.8595618202197057	113.64710667799753	778.99072265625	779.44140625	19804.0	568.8545532226562	990.7038391113273	131.16786193847656	27.140808667754754
sub-03_task-memory_run-04_bold	0.0003995985401459854	0.015405296715328467	1	41.35660314036629	1.0644154536996344	1.0128909799267396	0.44842138251951974	3965.0458984375	0.15702562501765358	56	20.437956204379564	1.838126141581662	1.7198028571428572	1.939942857142857	1.8546327104592721	0.00600927	-0.02008836716413498	0.03247131034731865	274	64	64	36	6.146881523522586	2.007499933242798	3.5	3.5	3.3001251220703125	56.683131200375776	5.784312797599212	27.040258407592773	12.36496353149414	98879.0	8.211678504943848	83.33467025756813	40.37806701660156	1.9751885869303099	111.20059583940393	786.0978393554688	786.204345703125	19823.0	583.0211791992188	990.7781005859374	127.89973449707031	37.473702881485224
sub-04_task-memory_run-01_bold	0.0008563999999999999	0.01158568349090909	0	35.26577785226282	1.0405942406569342	1.0138431770802918	0.46430729338060267	4321.33935546875	0.1462160921834806	44	16.0	1.885359182886586	1.7543285714285715	2.0469171428571427	1.8548318343740446	0.00871006	-0.0202386062592268	0.03315679356455803	275	64	64	36	6.104682920893332	2.007499933242798	3.5	3.5	3.2998409271240234	41.67859506668881	5.908843771410249	26.459993362426758	12.487273216247559	94814.0	7.989090919494629	83.15472869873005	35.47759246826172	1.0666650619065967	127.71137681987848	845.6427001953125	840.8399658203125	22564.0	625.9096466064453	1071.8590881347657	137.73382568359375	39.24946851097047
sub-04_task-memory_run-02_bold	0.00045010909090909093	0.015954251636363638	0	41.629311526678855	1.0571551601459857	1.0053032947080294	0.4701180419301595	3600.578857421875	0.12569633244479878	26	9.454545454545455	1.9120728814295578	1.7840028571428572	2.09082	1.8613957871458158	0.00764077	-0.02292720042169094	0.04170801490545273	275	64	64	36	6.048598338964836	2.007499933242798	3.5	3.5	3.2998409271240234	35.64653656664384	7.294401614241477	29.021963119506836	13.734545707702637	94786.0	8.436363220214844	90.77454566955566	37.05735397338867	1.0842654240676737	127.91353339679142	852.2460327148438	847.7527465820312	22613.0	628.3650756835938	1082.3818603515624	140.15379333496094	34.28474504069891
sub-04_task-memory_run-03_bold	0.00042381818181818183	0.02259218	0	36.86597949390512	0.9955431518248173	0.9590965932846721	0.4668607277127076	4528.45703125	0.1844630732593821	69	25.09090909090909	1.9016096397158526	1.7632114285714287	2.0915828571428574	1.8500346334332718	0.004462	-0.02119164727628231	0.0342913381755352	275	64	64	36	6.133496570440603	2.007499933242798	3.5	3.5	3.2998409271240234	44.64572721661807	5.342758413921413	27.32958221435547	12.301817893981934	94547.0	8.378181457519531	87.73490905761716	37.07645034790039	1.0882748755365812	124.01563968572398	849.6429443359375	844.6400146484375	22793.0	627.7258178710938	1076.6429199218749	137.70635986328125	31.18109905847814
sub-04_task-memory_run-04_bold	0.0019095999999999998	0.018088869090909093	0	36.26831262127737	1.048103699051095	1.009123201313869	0.46788144970491496	4276.3115234375	0.142134512527155	44	16.0	1.920865999464871	1.798817142857143	2.078065714285714	1.885715141251755	0.00325998	-0.021486714482307434	0.03770187497138977	275	64	64	36	6.00438642702423	2.007499933242798	3.5	3.5	3.2998409271240234	41.69916195097328	5.617714886146099	27.718006134033203	12.556364059448242	94477.0	8.465455055236816	89.86182098388666	37.1530647277832	1.0076595457575843	130.87873783380263	844.8383178710938	840.6181640625	22783.0	623.0880065917969	1075.2931030273437	139.9976043701172	33.39398847008124
sub-05_task-memory_run-01_bold	0.0007518181818181817	0.018793357818181818	0	40.34939836916055	1.0483561475547445	1.018612673832117	0.4274075816876936	17528.072265625	0.16647984488024545	72	26.181818181818183	1.7768561181470277	1.6748085714285714	1.8928971428571428	1.7628626401553686	0.00837922	-0.014378081075847149	0.03273780643939972	275	64	64	36	6.706787110567515	2.007499933242798	3.5	3.5	3.29986572265625	50.59296121885923	0.9326915274906817	3.701730489730835	1.0290908813476562	99145.0	0.33818182349205017	13.429091453552246	8.09557819366455	1.8536830672007847	16.998707687150716	137.7419891357422	137.1454620361328	19775.0	105.56254501342774	171.64327239990234	20.448240280151367	35.8687537885271
sub-05_task-memory_run-02_bold	0.0007415272727272728	0.01874467490909091	0	39.90416525401459	1.047483821386861	1.017769202956204	0.4290070173105904	15039.2021484375	0.16037119636179725	57	20.727272727272727	1.7526290808506515	1.648737142857143	1.8863800000000002	1.7227700996948119	0.00461862	-0.01500664185732603	0.03289010748267174	275	64	64	36	6.874475893986826	2.007499933242798	3.5	3.5	3.29986572265625	58.257896727786445	1.067473595556634	3.8306572437286377	1.1127272844314575	99235.0	0.3309091031551361	13.825454711914062	8.233379364013672	1.7996682995687845	16.858537348010994	137.81515502929688	137.29090881347656	19689.0	106.30690917968751	170.91491394042967	19.97060203552246	36.50350109062856
sub-05_task-memory_run-03_bold	0.0006131272727272726	0.027925058909090906	0	44.99797768167882	1.0360950932846713	0.9919462200364965	0.42950036360242244	15488.6318359375	0.1923676185373572	98	35.63636363636363	1.7738138301955757	1.66924	1.8920571428571429	1.7601443477295846	0.00740822	-0.015112343244254589	0.03804435208439827	275	64	64	36	6.680344015299756	2.007499933242798	3.5	3.5	3.29986572265625	46.19771238655366	1.0620823640885833	3.9397740364074707	1.1018182039260864	99449.0	0.3199999928474426	14.424000549316375	8.239060401916504	1.7171845299434576	17.05801313325381	137.81729125976562	137.25091552734375	19596.0	105.29000091552734	172.0709114074707	20.54496192932129	29.76197411189787
sub-05_task-memory_run-04_bold	0.0008889818181818181	0.023400659636363636	0	45.86213589405108	1.0574581445620432	1.019427918138686	0.4280622337865843	17857.8046875	0.18673288618709785	82	29.818181818181817	1.7055552885459742	1.5924085714285714	1.8289428571428572	1.695314437066494	0.00719514	-0.013985913246870041	0.038785386830568314	275	64	64	36	6.813985684495091	2.007499933242798	3.5	3.5	3.29986572265625	40.12934617699567	0.9650392255939098	3.8897361755371094	1.0254545211791992	99600.0	0.30909091234207153	14.42581872940055	8.009653091430664	1.6288587887849015	17.40304911936973	137.12266540527344	136.60545349121094	19510.0	105.42182159423828	170.20673217773435	20.047290802001953	31.40223356487695
sub-06_task-memory_run-01_bold	0.0007421818181818182	0.01588770509090909	0	45.72090792135034	1.059053751532847	1.015757530948905	0.47891183941700943	3473.744384765625	0.19702376731155588	97	35.27272727272727	1.9013574469168144	1.8451714285714285	1.9979971428571428	1.860903769321871	0.00819953	-0.017997367307543755	0.0439259335398674	275	64	64	36	5.546885094059157	2.007499933242798	3.5	3.5	3.2999019622802734	29.067776375072512	7.148837171609403	30.070560455322266	13.272727012634277	93908.0	8.13454532623291	97.27236175537097	41.85921859741211	1.1699278110129239	131.81142710785886	808.1421508789062	803.3054809570312	23555.0	581.2389221191406	1048.8817993164062	144.81793212890625	31.550277331843972
sub-06_task-memory_run-02_bold	0.0005466181818181817	0.008307605818181817	0	34.0435340422263	1.0555328025912414	1.010779817189781	0.4724518076155927	4082.68994140625	0.20416148761095457	118	42.90909090909091	1.913314844961666	1.836142857142857	2.0113	1.8925016777421408	0.00917853	-0.01447373628616333	0.030499568209052086	275	64	64	36	5.624632333357525	2.007499933242798	3.5	3.5	3.2999019622802734	34.117710864401346	5.747105501819054	27.19365692138672	12.210908889770508	94027.0	7.996363639831543	92.18472976684566	40.71284484863281	1.1948922358623362	128.49579682299833	806.831298828125	801.3672485351562	23524.0	586.6896514892578	1045.6613159179688	142.47157287597656	45.198085717856884
sub-06_task-memory_run-03_bold	0.00046109090909090915	0.02142874836363636	0	59.24158797996349	1.107724671058394	1.009774128686131	0.4872519292637371	2517.48291015625	0.21558113217102715	129	46.90909090909091	1.9281821405711466	1.87874	2.0255657142857144	1.8802407074277252	0.00434703	-0.02294135093688965	0.050291888415813446	275	64	64	36	5.372094556746131	2.007499933242798	3.5	3.5	3.2999019622802734	19.597463590713847	10.23804236256018	34.654720306396484	15.603636741638184	94342.0	8.301817893981934	115.41327056884758	45.14908218383789	0.8133090118155377	137.9170262830914	808.0254516601562	805.305419921875	23234.0	567.6736358642578	1057.1917907714844	149.90206909179688	27.419032970443368
sub-06_task-memory_run-04_bold	0.0007776727272727273	0.022816984363636363	0	61.62388940810216	1.2463594539781029	1.0126168509854017	0.48642240233146117	3726.107666015625	0.21541496698742651	128	46.54545454545455	1.8830461466655954	1.8349371428571428	1.969482857142857	1.8447184399967864	0.00538304	-0.024636076763272285	0.05262376368045807	275	64	64	36	5.620840510412611	2.007499933242798	3.5	3.5	3.2999019622802734	18.561634763589588	6.658232501102438	35.398216247558594	12.818181991577148	94431.0	8.007272720336914	136.60546112060547	52.63273620605469	1.1997565359505193	128.12374366007197	809.43896484375	806.516357421875	23137.0	577.2029052734375	1044.58115234375	143.4836883544922	37.30117518827319
sub-07_task-memory_run-01_bold	0.00046407272727272734	0.018714118545454544	0	47.39434448288322	1.093505821532847	1.0070294311678838	0.5230839882966126	2110.30078125	0.1524151457718576	50	18.181818181818183	1.8694108891864574	1.8163114285714286	1.9319714285714285	1.859949810416515	0.00692489	-0.02088763192296028	0.053512606769800186	275	64	64	36	5.750529408066217	2.007499933242798	3.5	3.5	3.300121307373047	82.22558167983776	11.728730787585512	42.80276107788086	18.558181762695312	88032.0	10.279999732971191	142.7169128417968	63.98651123046875	1.0172235082982937	141.33242273896644	907.4364013671875	897.9454345703125	28045.0	669.8974853515625	1178.7207519531248	156.1472625732422	33.71382023533806
sub-07_task-memory_run-02_bold	0.00044290909090909087	0.01663700872727273	0	41.892248849744504	1.0800049810583932	0.9967922169708033	0.5178192595032892	2558.28515625	0.1469723479444898	52	18.90909090909091	1.906852177158157	1.8503399999999999	1.983482857142857	1.8867336743316143	0.00530606	-0.0183362178504467	0.048001836985349655	275	64	64	36	5.710809963080819	2.007499933242798	3.5	3.5	3.300121307373047	76.72084572521179	9.903784685991369	40.21113586425781	16.94545555114746	87963.0	9.81127290725708	139.97963104248035	63.52018737792969	1.0169365237139338	143.30023693840633	909.678955078125	901.6799926757812	28054.0	664.8287384033204	1179.8980041503905	157.88722229003906	35.99200388917234
sub-07_task-memory_run-03_bold	0.0025189454545454545	0.030471948	0	55.15056167394159	1.0769070500729927	1.0322287362773728	0.5260613211480124	1924.40185546875	0.18099569206251281	98	35.63636363636363	1.9212509427256645	1.8920485714285713	1.9737285714285715	1.8979756853198508	0.00691597	-0.022561123594641685	0.06133560836315155	275	64	64	36	5.540062682736306	2.007499933242798	3.5	3.5	3.300121307373047	75.69617637091693	13.672287781385846	45.08058166503906	19.738182067871094	87894.0	10.013272714614871	150.9152770996093	65.74115753173828	0.7208457132341617	153.71075770427404	915.5501708984375	910.1708984375	28117.0	661.0320068359375	1193.0785888671874	164.28599548339844	23.359337192960083
sub-07_task-memory_run-04_bold	0.0004465090909090909	0.02151587090909091	0	50.33830556401464	1.0607195517518246	1.0037539461678824	0.5272749476837829	1801.0699462890625	0.1818611317954008	114	41.45454545454545	1.882363114433354	1.8626428571428573	1.9164999999999999	1.8679464861572037	0.00643887	-0.023404600098729134	0.055700331926345825	275	64	64	36	5.594255816121231	2.007499933242798	3.5	3.5	3.300121307373047	55.996223604532936	14.022720698833432	45.3036994934082	20.247272491455078	87855.0	10.359999656677246	153.93563385009767	65.0169448852539	0.9132156961383378	147.69949524857228	923.5614624023438	914.0400390625	28394.0	673.0287292480468	1205.4141784667968	163.3861541748047	28.240200394531712
sub-08_task-memory_run-01_bold	0.0005950545454545455	0.00830406370909091	0	26.404476054562053	1.0428730104379555	1.0009585802919707	0.4247460225158845	7939.8193359375	0.10077063622295433	22	8.0	1.8037538682136438	1.70086	1.8750257142857143	1.835375890355217	0.0147108	-0.007181073538959026	0.013454546220600605	275	64	64	36	6.417063032280101	2.007499933242798	3.5	3.5	3.299896240234375	61.75779439365381	4.377720778987117	18.801504135131836	8.563636779785156	98823.0	5.003999996185304	63.72254562377923	37.183223724365234	1.3211239497818132	108.10598947536252	773.9296875	768.8109130859375	19841.0	589.0800170898438	975.5236206054688	119.80426788330078	52.66675642132759
sub-08_task-memory_run-02_bold	0.0003522909090909091	0.012666604654545456	0	34.73393196616787	1.051213268905109	0.9908509574452558	0.4371500090367209	3885.43212890625	0.09277475613540541	8	2.909090909090909	1.8189749265066932	1.7146828571428572	1.8995142857142857	1.8427276366629366	0.00736727	-0.009505624882876873	0.019500810652971268	275	64	64	36	6.334928054678354	2.007499933242798	3.5	3.5	3.299896240234375	50.717612061502805	8.35109588399625	22.837692260742188	12.30545425415039	98741.0	5.334545612335205	70.29817962646484	36.547306060791016	1.171654730677596	109.11414812504336	776.9725341796875	773.4945678710938	19849.0	581.7149169921875	980.1054565429687	122.0969009399414	42.94430951587856
sub-08_task-memory_run-03_bold	0.0035434181818181816	0.008850551927272729	0	25.606794023211695	1.0551334828832117	1.0412363300729925	0.4260801943583707	8042.48974609375	0.08931437789959784	6	2.1818181818181817	1.7955784278329066	1.6871657142857142	1.8834942857142856	1.8160752834987193	0.0096737	-0.00814142357558012	0.01399027369916439	275	64	64	36	6.4776560620007855	2.007499933242798	3.5	3.5	3.299896240234375	61.60808000491083	3.935635468478025	18.887834548950195	8.538182258605957	98613.0	5.203636169433594	64.82691040039039	37.133174896240234	1.073734989343536	109.9982438083197	774.563232421875	770.447265625	19959.0	592.5181579589844	975.6142150878904	118.93622589111328	50.69679574971087
sub-08_task-memory_run-04_bold	0.004658945454545454	0.014201714	0	29.526674528211643	1.081246826459855	1.0471087204379557	0.43181978565175855	5720.50390625	0.12072542472324725	19	6.909090909090909	1.7929423572641827	1.6811428571428573	1.892197142857143	1.8054870717925477	0.00740747	-0.009208808653056622	0.016750862821936607	275	64	64	36	6.465471965317645	2.007499933242798	3.5	3.5	3.299896240234375	61.82047228400542	5.938495787501967	20.79608917236328	10.127272605895996	98538.0	5.156363487243652	68.05563430786128	37.268638610839844	1.1866135286942159	109.45918976683791	785.1673583984375	780.1690673828125	20008.0	594.48544921875	987.4929229736327	120.66397857666016	42.015736691246275
sub-09_task-memory_run-01_bold	0.0004696363636363637	0.007193991090909091	0	32.50024004737224	1.0578875580291967	1.0057942791970802	0.5244061136216318	3417.904052734375	0.09497233936197005	12	4.363636363636363	1.9962783505603126	1.8691600000000002	2.1563	1.963375051680938	0.0128756	-0.013573851436376572	0.04660528525710106	275	64	64	36	5.454256945480653	2.007499933242798	3.5	3.5	3.2999706268310547	18.79344390433994	6.927796283754428	43.750003814697266	14.672727584838867	87209.0	9.480000495910645	199.30909729003906	72.86661529541016	0.6373202893817043	150.58122186902028	899.7023315429688	885.0382080078125	28812.0	652.0301727294922	1177.399853515625	162.2627716064453	46.64746661297977
sub-09_task-memory_run-02_bold	0.0006420727272727273	0.008264491090909092	0	32.065165589525556	1.0455125367153288	1.0063000904744523	0.5264611800537365	3159.564453125	0.10484074827806236	20	7.2727272727272725	1.9811067856339861	1.863937142857143	2.1425114285714284	1.936871785473388	0.0119426	-0.01399580854922533	0.04687609151005745	275	64	64	36	5.488407800814897	2.007499933242798	3.5	3.5	3.2999706268310547	16.160326635690797	7.714922529098239	45.23336410522461	15.254545211791992	87228.0	9.543091344833375	207.37091064453125	74.24579620361328	0.6769243795470063	148.35998802157474	898.8350219726562	883.6890869140625	28848.0	651.9223754882812	1177.0131042480468	161.00730895996094	43.62591475644149
sub-09_task-memory_run-03_bold	0.00048789090909090904	0.009458413345454546	0	32.46336213675181	1.0400964149635037	1.0043649628467153	0.523011335242266	3346.34619140625	0.0952144555596776	6	2.1818181818181817	1.9143349298993615	1.8210257142857142	2.0424571428571427	1.879521932555228	0.0125114	-0.009897732175886631	0.05828588455915451	275	64	64	36	5.580988394336907	2.007499933242798	3.5	3.5	3.300067901611328	18.162725241220866	7.41301109252801	47.1413459777832	14.738182067871094	88593.0	9.202181625366212	227.05381469726558	81.91947937011719	0.8473343658712023	143.6398491287171	887.4508056640625	872.8872680664062	28117.0	657.0327270507812	1157.2938720703123	156.4009246826172	43.25319339055568
sub-09_task-memory_run-04_bold	0.0004315272727272728	0.010180242181818181	0	32.33769612408758	1.0303078601459852	0.9923768605839421	0.52415124029642	3312.888427734375	0.10100304670658676	7	2.5454545454545454	1.90932191768427	1.8113257142857144	2.0376514285714284	1.8789886101956668	0.00948758	-0.010532899759709835	0.05900844559073448	275	64	64	36	5.644167042124625	2.007499933242798	3.5	3.5	3.300067901611328	17.948521783934254	7.5585755351600845	47.903160095214844	14.912727355957031	88622.0	9.229090690612793	229.99509582519525	82.29202270507812	0.8167824293462442	142.90664695126094	889.5985107421875	875.7109375	28044.0	660.1374664306641	1158.507238769531	155.15049743652344	41.97206078795716
sub-10_task-memory_run-01_bold	0.0005807272727272728	0.01315636810909091	0	33.18338353773722	1.0595619258029203	1.0005283494160582	0.48366938578535684	4089.042236328125	0.156502808468611	63	22.90909090909091	1.6760605931037347	1.54434	1.8007085714285715	1.6831332078826322	0.0199066	-0.005007323808968067	0.03441658616065979	275	64	64	36	6.301204460946598	2.007499933242798	3.5	3.5	3.2998695373535156	33.31369617587771	8.14622599526108	31.139707565307617	12.563636779785156	92506.0	5.876363754272461	123.78818130493164	59.97903823852539	1.963656681997624	116.10121874866843	825.14697265625	818.29638671875	24956.0	634.2318115234375	1039.9454345703125	129.8608856201172	43.852381597971544
sub-10_task-memory_run-02_bold	0.0010470909090909092	0.008962266836363636	0	25.394087645401456	1.0546401665328462	1.0022415884671534	0.47593658999878585	7950.26904296875	0.14718650888340645	52	18.90909090909091	1.659312006501646	1.5080657142857141	1.8010285714285714	1.6688417337906527	0.0228919	-0.005398070439696312	0.03164046257734299	275	64	64	36	6.424478525077596	2.007499933242798	3.5	3.5	3.2998695373535156	33.19136890630513	4.431632828557686	28.44667625427246	9.178181648254395	92594.0	5.4981818199157715	122.73945579528805	59.99453353881836	2.071673781097963	114.75340266324778	828.3612060546875	821.3963623046875	24818.0	642.7187377929688	1040.8229064941404	127.85159301757812	54.800713065080345
sub-10_task-memory_run-03_bold	0.000777992700729927	0.012121837627737225	1	29.23545209278388	1.0430736153846156	1.000071670952381	0.4807969190704884	4936.99560546875	0.14845178967187275	64	23.357664233576642	1.654441975127961	1.5158285714285713	1.7952714285714286	1.6522259253838836	0.0164883	-0.006155574694275856	0.03384469822049141	274	64	64	36	6.365713473767333	2.007499933242798	3.5	3.5	3.2998695373535156	30.510555393457643	6.644654630634003	29.973392486572266	11.485401153564453	92595.0	5.7737226486206055	122.57700653076179	57.87381362915039	2.049090467676778	113.82216124292057	819.2303466796875	812.580322265625	24826.0	633.1423187255859	1031.8375854492188	127.64695739746094	45.869879273930565
sub-10_task-memory_run-04_bold	0.0011803636363636363	0.011360484254545455	0	26.968703381058372	1.0460170095985402	0.9955019713503646	0.47828793131280734	6598.36962890625	0.1293450026867826	27	9.818181818181818	1.6880916371593948	1.5347942857142858	1.8185857142857142	1.7108949114781844	0.0200245	-0.006430614273995161	0.03349888697266579	275	64	64	36	6.335982201735446	2.007499933242798	3.5	3.5	3.2998695373535156	32.2496548775937	5.1648470243309275	29.052377700805664	10.010909080505371	92574.0	5.738182067871094	124.72054672241183	58.48768615722656	1.974954912420558	115.4219943680469	820.072265625	814.447265625	24853.0	631.7839965820312	1035.797802734375	128.54058837890625	48.85182761133183
sub-11_task-memory_run-01_bold	0.0007530909090909091	0.005419131381818182	0	26.099391004379555	1.069566588321168	1.007877247226278	0.47877711073828716	7562.20703125	0.0822521821656191	2	0.7272727272727273	1.8590457756577672	1.709642857142857	1.9476485714285714	1.9198458984018727	0.0132686	-0.006081783678382635	0.021894684061408043	275	64	64	36	5.506703075250801	2.007499933242798	3.5	3.5	3.299999237060547	36.26339568616836	4.714674800342276	22.801441192626953	9.347272872924805	90232.0	5.3781819343566895	90.69381828308101	41.2296257019043	0.867645940714894	140.86340862162547	834.2725830078125	822.7490844726562	26837.0	615.4996215820313	1091.4806884765624	149.40586853027344	57.537342582363635
sub-11_task-memory_run-02_bold	0.0007345818181818183	0.006031862036363636	0	25.328102787262775	1.055176941204379	0.9971161216058391	0.47933974453856604	8493.3212890625	0.11765884153513695	21	7.636363636363637	1.8535589940822639	1.7045057142857143	1.9294314285714285	1.9267398393896484	0.0164939	-0.006942737847566605	0.02381940744817257	275	64	64	36	5.48792783642187	2.007499933242798	3.5	3.5	3.299999237060547	47.3837175138382	4.33458986680297	23.528194427490234	8.905454635620117	90159.0	5.247272968292236	95.80545272827132	45.156532287597656	0.9119654373808799	141.49955935380896	843.6849365234375	830.483642578125	26889.0	622.7680297851563	1105.3251220703125	151.3263702392578	56.25152563559823
sub-11_task-memory_run-03_bold	0.001000909090909091	0.0067722674545454544	0	29.401253366204397	1.0724970397810218	1.0171532874087592	0.4851175321068494	4615.49365234375	0.11320306786984535	18	6.545454545454546	1.8467969428194362	1.7090057142857142	1.9332028571428572	1.8981822570297373	0.0107558	-0.00793843250721693	0.027436139062047005	275	64	64	36	5.5437882298294	2.007499933242798	3.5	3.5	3.299999237060547	43.35839851443581	6.992490884631077	26.516279220581055	12.116363525390625	90390.0	6.116363525390625	98.8763656616211	45.104164123535156	0.7840698396881538	142.73955558184744	843.12353515625	830.8109130859375	26644.0	625.2441925048828	1102.9674682617183	149.86058044433594	50.384927704464644
sub-11_task-memory_run-04_bold	0.0007477090909090908	0.0066964536	0	29.415495287591252	1.0838179820437956	1.01178460959854	0.48299162894675657	5848.96728515625	0.11619214484131692	27	9.818181818181818	1.8417885731151855	1.7051285714285715	1.9258942857142858	1.8943428622026992	0.015869	-0.008126402273774147	0.025126589462161064	275	64	64	36	5.595116421675084	2.007499933242798	3.5	3.5	3.299999237060547	42.58122315589103	6.178408261022067	25.60565757751465	10.454545974731445	90585.0	5.541818141937256	100.17527465820316	45.44973373413086	0.891815649807731	138.28903420058873	840.0517578125	827.5109252929688	26508.0	624.4536315917969	1092.9296264648438	147.89599609375	53.86671700514853
sub-12_task-memory_run-01_bold	0.002550945454545455	0.010460953345454545	0	27.572654814452562	1.0365989539416058	0.9999183048175182	0.48653544193660647	5093.3623046875	0.10954475072825183	24	8.727272727272727	1.8872765381780934	1.7406314285714284	1.9596	1.9615981859628517	0.0168804	-0.008392400108277798	0.02547566592693329	275	64	64	36	5.660781030990776	2.007499933242798	3.5	3.5	3.3000030517578125	57.30692985180175	7.224315737711788	26.730289459228516	11.334545135498047	90011.0	5.323636531829834	93.54909133911133	52.47550964355469	1.0497032586483295	128.91630784041752	824.4324340820312	812.7000122070312	26666.0	607.8082122802734	1073.1836853027344	143.56407165527344	45.158051698468626
sub-12_task-memory_run-02_bold	0.0009311272727272727	0.006317059454545455	0	25.010276912627734	1.055083819124088	1.0037321807664237	0.48504680222158836	6622.73876953125	0.08968400868977276	2	0.7272727272727273	1.8949992463838576	1.7494171428571428	1.9589400000000001	1.9766405962944296	0.0112289	-0.007819641381502151	0.022899627685546875	275	64	64	36	5.607994153380775	2.007499933242798	3.5	3.5	3.3000030517578125	55.37030366724466	5.509889373085303	25.919353485107422	9.825454711914062	89864.0	5.116363525390625	96.86745834350576	53.80187225341797	1.0636630296875156	129.1804959005327	819.8236083984375	808.418212890625	26755.0	601.6141906738281	1067.3021728515625	144.15191650390625	55.22996838018298
sub-12_task-memory_run-03_bold	0.0004246909090909091	0.016007428000000004	0	46.04388514036497	1.0520556525182487	1.0064356621532844	0.511080528448544	1182.1126708984375	0.07966693876097103	6	2.1818181818181817	1.8914545782864332	1.7761885714285714	1.94498	1.9531951634307274	0.00626581	-0.012190859764814377	0.03784677013754845	275	64	64	36	5.437423460265239	2.007499933242798	3.5	3.5	3.3000030517578125	56.06182663295458	13.45124689353087	37.881080627441406	23.22909164428711	90067.0	10.363636016845703	105.57709426879882	50.980072021484375	1.0944582880971003	132.09986671793496	820.9830322265625	810.3345947265625	26634.0	592.5305694580078	1075.0255126953125	149.02635192871094	31.99084430001676
sub-12_task-memory_run-04_bold	0.0011015999999999999	0.011367101854545454	0	26.734042320948912	1.002362501605839	0.9660335758029203	0.4874829766608323	5219.75732421875	0.1185081156916934	24	8.727272727272727	1.9215027300524543	1.77244	1.9881942857142858	2.003873904443078	0.0075515	-0.007705299183726311	0.024354100227355957	275	64	64	36	5.509657489735583	2.007499933242798	3.5	3.5	3.3000030517578125	57.140093425842124	7.289011045548266	27.46807861328125	11.174545288085938	89933.0	5.109090805053711	98.5767272949218	54.094993591308594	0.9569612492772053	133.84932647686858	828.212158203125	815.516357421875	26734.0	606.8823852539062	1084.5216247558594	148.01303100585938	45.01376544474624
